,id,backdrops,posters
0,862,"/dji4Fm0gCDVb9DQQMRvAI8YNnTz.jpg,/dVP5P6FuLV40VWONPVPApjIC6fc.jpg,/y41g79D4X4cfQpHbvNYZXjHoi4v.jpg,/kAQgC2xSqXAwKjj7ktTLPgYDGjp.jpg,/rNhWnFKzUCI1hK7BiqGX1FgSLr2.jpg,/fuqysEhEAQCel7YPjQUWhSIqaw1.jpg",/uMZqKhT4YA6mqo2yczoznv7IDmv.jpg
1,8844,"/7k4zEgUZbzMHawDaMc9yIkmY1qR.jpg,/52lVqTDhIeNTjT7EiJuovXgw6iE.jpg,/lAfeaaj72zj7z6XKP1dw3wzc7RK.jpg,/d5d0YW2ujpTawyw7poF18Y5qivr.jpg,/mNuQLlHKXZKo9NHwXxEN4D2SVUD.jpg,/9Zb5f7KSCJRLYeQyuRXAWYZSC2J.jpg",/nLXYV4WmYUF4i8pX0iE0H1rltmf.jpg
2,15602,"/1ENbkuIYK2taNGGKNMs2hw6SaJb.jpg,/vl0ytQ1cgSnIVE2SSyhJTIKsUjW.jpg,/kdbRK6O0X5LtTfnUgHgJemGhdZx.jpg,/mZ0X6pklO3gGiufX8QuBo92OJfr.jpg,/uBnz2tD9QkxMedaKZMp3dtnEs0e.jpg,/pbyLYbYnu7rqtPeuOi6Qb4vphqR.jpg",/6ksm1sjKMFLbO7UY2i6G1ju9SML.jpg
3,31357,"/u0hQzp4xfag3ZhsKKBBdgyIVvCl.jpg,/g1JNKI49xbiAym0IrRqWu9Y2sX9.jpg",/eT79mN6LqeDXeLiKwDGmW9Py9Xc.jpg
4,11862,"/wKQlgHjJwh5mGBZ37vDsXBx9zbh.jpg,/pQLJ2JpCV2kg7w4xiSx8wmqipag.jpg,/hcfhQbBkfhyxvcInpWqmQOz4NYg.jpg,/cZs50rEk4T13qWedon0uCnbYQzW.jpg,/v1BCzQi4zKGsPDMz0MF9HG0Z43q.jpg,/lEsjVrGU21BeJjF5AF9EWsihDpw.jpg",/e64sOI48hQXyru7naBFyssKFxVd.jpg
5,949,"/7RRuRcGuWkZGuRyYugfXn0Fgrrr.jpg,/s5GEd31RA3HYcbVZJsT7MR2d1Hs.jpg,/6N1uy1r66mXHefU3gG9ePZgijCW.jpg,/4f3I9xGgD2GkUr3mF8fS4yYtgo5.jpg,/7AWZKrgFuLreAKt4ccpHVd3bntm.jpg,/tKGtRHUfksHoEOvsSch01BvabWC.jpg",/6pmLVffM9jEYK7VqDJqPblMxfEY.jpg
6,11860,"/hSy5yZG18ogNQn1tHSlxSqV24cf.jpg,/qKKLKFkSlIjhUCHoF7N8VuvIZU6.jpg,/6xsHi8nZVR3azgvxD3c6EqAVT9n.jpg,/r5xMYMnGUDfkHI4H0VxlRhsb3RI.jpg,/bwDV41p8yu9t1tacYiBt1ye4Pd6.jpg,/rRY1IvAEeyZ4EudwwRJFo5rylu1.jpg",/zENmHYYCsR6xgdyh2uHXPX4tyXE.jpg
7,45325,"/bTM21GCjY4hLpxneXA3cmJZnfG3.jpg,/43r8WYBhOrj0SLSTuShynuWj6Z.jpg,/6X5ABrmEiMAXhfzo1OEpgM4vPMM.jpg",/sGO5Qa55p7wTu7FJcX4H4xIVKvS.jpg
8,9091,"/y6A4PUAD61r15CgtuuQhWxLh6Vx.jpg,/9BKyyoaXKURLfOKAoM8CP666WIH.jpg,/oUwZLiCrEuMfGvxuckAH0dEtYVC.jpg,/uqTsXBLYpGC6I1iLz1gk65M2S6p.jpg,/11w2YLwnOX4MXFvOeXGaOS374hF.jpg,/uYL0nB6EJCiN3BeYZhl4xGxFtbC.jpg",/ridz4IucWay8dBP5t68rGYykCvi.jpg
9,710,"/sIuZYKo7UySIeBMvd9saK7ibw4z.jpg,/qJXSws6Yl3s8A2Owc9fGrwnnuGK.jpg,/dA9I0Vd9OZzRQ2GyGcsFXdKGMz3.jpg,/baRanhQiXFVXWMjQ3VyyKfrutpR.jpg,/x2Lu6BbsC3talJxcIxtkXVkrQmK.jpg,/Zt5lXGqDAWVXDLsUwqUpvawjFS.jpg",/iHCNmXH2tat0NMqtUpqDMWjcza8.jpg
10,9087,"/wmViVyE9P0HTVU54sP3EriCmtIc.jpg,/dYk6sE9nNy6ge0InSB2gJY9zcnM.jpg,/nRyaTeCs6puFZvfnILKehUygcoA.jpg,/4FncIn9FbB6Ku16c6xKn2AqukD1.jpg,/jDPRfq0NHODKQfgAK08tpr5BxLD.jpg,/rZTAOE5OTNl0ItiOWuQEZOF5CoY.jpg",/lymPNGLZgPHuqM29rKMGV46ANij.jpg
11,12110,"/y7N276seR43H31xvDbWMWxEsDr.jpg,/uSDNi4CeGP5UgFASkDnnH0UT5rj.jpg,/fNWjcHMIVWBownjSa6az0C3kuNo.jpg,/2PPVjWNvpSLgTdcSNgwWPK34P9l.jpg,/9YqsfKxuFc27IZTG3Gnr6KyLiLH.jpg,/A1Ng7eItTD08e33iExC0xCPugkp.jpg",/xve4cgfYItnOhtzLYoTwTVy5FGr.jpg
12,21032,"/fkxHaPJaB35wnoUC7glF16W3lWH.jpg,/s331eYfpfjLvvBtHCxk3hG0SX5D.jpg,/6zjxRBPh6YAIjhbQvsfDrmN7OKa.jpg,/6sBBTlGKyqF1DFMdjveOIli4S4s.jpg,/jtzYYElOlvr85xgRe6u6aa6JL16.jpg,/fLQ3FTV1OKVEwHNmBymNOrBIsVW.jpg",/hN3MKfM6dvGojhtKLuO7P5yPLsu.jpg
13,10858,"/j1pLMvLiXRyeeHyTZO79a4t3Qao.jpg,/jC67SJti4r3ju5x1dHdzrLBxeHl.jpg,/acM9wHN2LZJgPhQ1xLsSytSepWI.jpg,/2SddALQLOzakmswLuB6Nl2VJhhT.jpg",/cICkmCEiXRhvZmbuAlsA5D9B2rK.jpg
14,1408,"/qzH1yszhgTlT64tS24yBDPGaeHq.jpg,/vpErPLPSy28Bsg1zHQv4BMI8WB1.jpg,/65pXAXPhzdqWc6IKAYNofwproD8.jpg,/v74MVDzuIwaEr7RUc8EVeqHMEhA.jpg,/3WCjUEQfYcVDJSuw3mDGtA2bRC5.jpg,/kx7i6e6tZNCeDZgSFjiNNubrOw6.jpg",/hYdeBZ4BFXivdouxLfQGWNE6zRx.jpg
15,524,"/eP41pD4YfyVOjdpEaTmoNrL9DGx.jpg,/8PA5pp8vUxb7hSNBJXpUdNGD3kK.jpg,/cg6QqSOynQM6girs5F4xpsovB8u.jpg,/nSlpPZh7zjvFNfJINKhL9uPFHGH.jpg,/kZwg6yCHwlVQVjcB0FbCjcVzwFd.jpg,/ug0dDNtORqUr1dHjFgKopsGr73y.jpg",/jC0dqpkRMwh3A1X2PHahTxOaLbp.jpg
16,4584,"/ocn3pLKJjYmXIP2331pUNC33f5M.jpg,/sgN1xcqfVXJ8WQpkxJYi7B81CF4.jpg,/58aQEagosnqxMTz32xTkLpsyNZq.jpg,/sATr9IM8WFsgkSJL1nXkBL88KKf.jpg,/pXB5uz4oZ5JH3lrTSnaT8jdRxmw.jpg,/zYpuu6vuHDQqvFq6VSjrSM17S0U.jpg",/1ryNXjmwdCTqLXxXCG9BGvZyMOH.jpg
17,5,"/3EqYpbGCE9S5GddU2K4cYzP5UmI.jpg,/jeyBirpwGHfJotiJmDmOzEmOqFu.jpg,/kY7HJJ1wlnO0lKNrHlccaRVe2Aq.jpg,/u0zMKKpEdDWpOKmFW2sLbKKICJH.jpg,/dtz4S1jjQBStHwgsojFoDAHK9Od.jpg,/zqe52HLNJThO8sGN3UBBJ8otFJP.jpg",/zbwxBgGO9wtauX8dDfG16ZYZdn.jpg
18,9273,"/qFYwztFX1gx9PZLnTEokQw5q04G.jpg,/zM8D3dSzxISwLilMKzLuzaU3O9j.jpg,/kn19AuFQNgOiZVKOOis35tngtZ5.jpg,/iLM6lBbT4w5BPeusSTPeb4xhkJX.jpg,/e2cb57LyEsrIwHw0dmzN44EM8Ek.jpg,/yqPf556P2EtMtPMPiVqqJovwhw9.jpg",/wRlGnJhEzcxBjvWtvbjhDSU1cIY.jpg
19,11517,"/dBavxNhbNZ8uJU9avHrqCCEKuii.jpg,/jq8ecwUi6qaSi8AAOhmy5QxyKQr.jpg,/6quURYlHicuelzxLFLmLCCKrxRs.jpg,/A52K5atinQseNZur7GYDC2cdKe0.jpg,/dkEPnVca43oowtBcu3W1nOB59ZI.jpg",/jWBDz6Mf9aQVBiUS76JQsEhvoJl.jpg
20,8012,"/g1BfxcnplYEveGqS1ttfhdRBgbR.jpg,/mxiORhkMRalF4tR7bxs0naMbUN0.jpg,/nZ42mft6ryESj9bGAzw4o1Z3sdn.jpg,/mo3o6vBZj7R66AaFVJYMqaBXdLE.jpg,/4mZyooQAm6eVfisg6STcBvW6LV4.jpg,/bfaRUXeypT8HHiXnKSj5iCxVykI.jpg",/vWtDUUgQAsVyvRW4mE75LBgVm2e.jpg
21,1710,"/gE1DHa82NZVb9B2Lx2cLNz43Iwd.jpg,/wwTJIvNTzw31mDXU1Fi9VThZWx5.jpg,/p3w7MLNNlRJztssErV91JKBe72K.jpg,/BRAkRr5tprbdFgrfrojd7tYMAS.jpg,/jwVwzqB7gnKkbnfIHoPlF1K4kbq.jpg,/rHaNjYLE5ttYOSgXfBQjCJ36pAh.jpg",/80czeJGSoik22fhtUM9WzyjUU4r.jpg
22,9691,"/n49pAYhDih9k4U1BJy9IIFbjjD5.jpg,/hTj4iYUzuXapfb3qERXKsS3IKAP.jpg,/ejaBMLY1IlNdmpgDD4Vy4xhdlkR.jpg,/fjug5tBbmoRVxLwfm76hjIjaAu1.jpg,/4g2pLU3tK6D0QInmvSxIbx2VWj8.jpg,/ba0HHHKh0MkTdREXsuprj5GCM95.jpg",/xAx5MP7Dg4y85pyS7atX6eWk4Qd.jpg
23,12665,"/4rQYOtnYFODB8PbzwSHNJ2IFrXW.jpg,/czxRHN4hNYOCPDCswxYafcpPHPN.jpg,/rJ5SMe5OkLG0PMETSVjrTX3bsmc.jpg,/vAyQQaqbMUFHvLedQae3TpLbXdC.jpg,/a2lnfJBSFy2Txxft6JrHlGYofak.jpg,/huxxR4t8qpfw3Dvb9bJjdqM5xGR.jpg",/rnz6TE4tTvoz9RvKmk0F7dVMl56.jpg
24,451,"/2gJDuPxrZBns5ab47HQbyU2l6Im.jpg,/uUb2DmTqc6LQlXcJFJd6rOG4ADF.jpg,/lSDjge2pDvDcGY71lKpIAwUXwE.jpg,/lh8KYPsoNbWOP6wn6OrwX9ACk0W.jpg,/dDTAbwvWJpHlblgjyPnKLQXOiHI.jpg,/w6VYq063gG8ycXZCLhqRVyWLeVY.jpg",/37qHRJxnSh5YkuaN9FgfNnMl3Tj.jpg
25,16420,"/1Bx7LaWenFDoCrQCy83jAHY5T4z.jpg,/16vAtVpsM75NK1dAegr2qTLcLC1.jpg,/av49uycQEWiDySx0Pux6098YzEH.jpg,/o6yEQt500wKOY5ED4958V5zmv84.jpg,/wt4UJuZ8La5AMZHpXyLMHri5xH6.jpg",/qM0BXEQjmnAzlkDZ0tYmV6twqMX.jpg
26,9263,"/dthtFNHGLgo360zpRKhKOWgZrRe.jpg,/igxh5KuwA62MoIecD4yJzKWbwur.jpg,/iANHWSYcxA4Q9qfRqIql80rBTfI.jpg,/aEGY09LeTFRcuLvcV8Fstxk2VV4.jpg,/utc9SoZYgBPN0BPuagSWbxfE5pn.jpg",/r44pwYqAQOzMfoiu9pYWMUqwCbl.jpg
27,17015,"/51Uv236KylBQUElJ0PTV2vzgmdK.jpg,/xrfSJnHthSzur2oddIXhOscZb45.jpg,/yHGIUEIlLJCAwBmiNpQA7U1nyl1.jpg,/llSfOByZr9Tcll3C63TrITikUic.jpg",/si8911IezMvAnQFDvyg1nKzDlD.jpg
28,902,"/yDjsUoEANHggKFabkAyTu3Y9j4N.jpg,/sVJKC83CDSrsNdfwyceTUJewbKV.jpg,/osGGchwIZB08M3bjzCbMDCccsIO.jpg,/4FnkreXkvv3Wbu5XBz5NLMTyMh4.jpg,/aKnyw7qu72rd8pM7psf5HICMJUg.jpg,/lStpILDfXyX2RLRyQAAIi1pZEbO.jpg",/thuk142aluSSnImiA117uu8iVU.jpg
29,37557,"/n78lIMVBMhZT7nMvEwxUcgGaPkh.jpg,/6ye6PgfcOx7wt2QLds4xuCXOeLM.jpg,/dVEkciIm851wH2zkEbiEBt7EtPB.jpg",/qcoOCoN7viOhboGwhYXyApdDuiq.jpg
30,9909,"/ah39cSwqSgloyIhl6wuMk4bOhbN.jpg,/5W56KqBwPbtaMl3neuofCVKmSlE.jpg,/12IJX4TeXPRZzjx7ovog4TZUbep.jpg,/z21vfNoIizYGTABhHfkWxKlylu.jpg",/y5Jee3QmYOlpqfaPPbfvtdVc5wj.jpg
31,63,"/6KXbhaxkgExC5EdDqAzRinhmoZ8.jpg,/8CI7HRbhTKIBZaren49lnDSMBEx.jpg,/pLrGCeqmGy314BpxaLa9f8CYRnW.jpg,/ySEpJvtxtRf0e2qj9SvtamKjXVF.jpg,/4JuNqL5GpYhID1ZNhmlnW9EPy3d.jpg,/yQdvXzy7krzRICfewkjIc4joTAo.jpg",/6Sj9wDu3YugthXsU0Vry5XFAZGg.jpg
32,78802,"/nibwiKw6obBNc1k2Qm02yWmzr0f.jpg,/clbdnQMQO12vu1yYDDEglLl9sQw.jpg,/vk3qrb5wFswkzbT6bKMQAxl4D1a.jpg",/k6ODtR38dKEfuzSGjggr8KDyAF4.jpg
33,9598,"/67jzzA7YqDTR5qIUhAH32cvkf53.jpg,/b7n6U8WtNLgmcGruGu5FCIgGYHg.jpg,/agkZziO4ZPAsVfKUrJD68lys08P.jpg,/1tivSvqnr8QegpI9X1fO6Wx87wW.jpg,/cEuZLWvgfKaBF2hrGlduOqWj0cH.jpg,/t0Kax0ugB1L4qtY3PBCqfK27ehZ.jpg",/16MP5FV7zZqVdky5QVR8NbI2Nc7.jpg
34,47018,"/1a1QU6pD3MzrjrPXhBctuPm3oCl.jpg,/85sROSIB2mJKAqkqYK3qFmZXFmR.jpg",/8NmeBTkC4UQa8XT2GGsBN2R8Bqo.jpg
35,687,"/f6WMgACY6VQnGpz9L4eQ3hkfcJE.jpg,/svFInfkTpgHV54ZOltzBrGXZ6R9.jpg,/oCT4WUniHknoxyhzzm8aGdyTxfp.jpg",/nDudi7ubWKs5f92GmRPFzEEGkAN.jpg
36,139405,,/lKOAyy098yjoot8cutYsStVO1WS.jpg
37,33689,"/5Pok9TVLoAp72PIFcoDbACcCBA9.jpg,/tvlY5YMPeaCJ9Tg5QCJxqjVZcHn.jpg,/4bee5SjW6ibf3pC9olib4W8QJ9p.jpg,/wBlYT87Z8aDDsE65t35vdr5uV8v.jpg",/l67WJL3Mjce1yoEgL4HheR5v75D.jpg
38,9603,"/pmE7AXRn2X0PVVHvcZ5uvxJfN2R.jpg,/7huUxs8C3vUzPzBGYw2JvgxhE9v.jpg,/nL7knvvFHUIT4Dg7zuU4EAvpqA6.jpg,/kcjy02lvDIvqQsce0NSnDAr4zve.jpg,/uGldnobGEpL7uIxXBB6MUWEPreK.jpg,/ebanH3Duz6KSbqP9zGhbOiazXvx.jpg",/i8gEHh2sszB6YWLC0jl559sxAeN.jpg
39,34615,/v8QIF0xj5xp0D3P1gMaVi7lFYPD.jpg,/ymA7HQqRiyo1xrnFFv1ZrwNpwlb.jpg
40,31174,"/uCGFpcWrZSoSOJyzH5ag5m4svf5.jpg,/9jAY8v4EkTUXljaKY2ovp94B6Js.jpg,/80vIfRKlyZLeRlNEsvIF9UNVBug.jpg,/ajHIfmGv6lEAf52cupZpo6ZegUN.jpg,/nIDOUUxykFJSyiwVFYEDOd4djZa.jpg,/l4po4KkWt4DSTcFopApogKjUHEX.jpg",/e8nuS9GQoSFaqld4hW5erk2ccag.jpg
41,11443,"/9BKQyHkIHW4K7JvmtZB3Ty3aPv2.jpg,/tF6KlwHkVlLgckuFyEbcmkyUPJP.jpg,/iDNvKirmTXgOAcazGBw7ITx1UIy.jpg,/vQIv83nOv9EI7A9zBOSzeGUPUxy.jpg",/2dLyvXVvJXUR9otoqERkYpao1bB.jpg
42,35196,"/nrd3UFXhaqV6odGd9cOVJfdqqGT.jpg,/wOcv9K3iZ3sB9XuS9goXGT3cjfR.jpg,/iZMBfRxoBJb8pOgbodYWDTTPSY7.jpg",/aqQdEQ1ZVdzrREJxCoPzTlLgHVw.jpg
43,9312,"/mOIvM0pQA7J9I0Caai0zTPxnE3f.jpg,/kBGSaQqzdXQNCg1WmiTv0jU7d7F.jpg,/ocpr7wq4tG47qYRplaPtV1fJmFe.jpg,/uOt4WJOyDIh5uRWSlhjn8YutAC.jpg,/iXPp8mQZV6P3qEBbGT4l0tE1ktN.jpg,/hVE4YP6yRByf9i4PYHXmvDkNtLB.jpg",/nEh2OoLcXQxBRPV3sNrWhWQ36t3.jpg
44,577,"/gx5X7KK3Uw2A81xuYxP4yXKHTkZ.jpg,/hkQonhCuDyjRmhFsFrCK0XnW7kk.jpg,/1cpOW6HIqIVK5jYjeOK9JVS9jYt.jpg,/jbN2Fd5HtkSe8nr2TwFkCTFS80m.jpg,/wf623jhpDlcJJ7WJWkfWptii7r0.jpg,/nMURSVsmPsw5eIut5CVVX46kdcI.jpg",/zCREx8trzejNieDLUsRuwLU0cS3.jpg
45,11861,/9Jos0a1BIZMoaBbgObnHHugFGdF.jpg,/wnWAZHbjX5Wj6hyb0gGmFdMADZk.jpg
46,807,"/A0WKbRIojF9DUWG4XLCmg5JK6I5.jpg,/lnMuS6udGd7m5q6cQeeviceXxxc.jpg,/tplpkMfGGlfXvlJgN3hNLCwLRgB.jpg,/dk12UBZJqWlNtRsUCXYGAZZ0JXI.jpg,/6IlOFunyIsmufytATcOq9ASFrsS.jpg,/ba4CpvnaxvAgff2jHiaqJrVpZJ5.jpg",/8zw8IL4zEPjkh8Aysdcd0FwGMb0.jpg
47,10530,"/9YAVIwBcBrLXeukg2dgMGfYB1uu.jpg,/dm6NraLaLOCvGfzYPl7puMvvxfr.jpg,/ua5vKTeSvqnKVW4zb0W82Jt9cMt.jpg,/jYuEb9XVGixJpz2D1DxPAjDXAic.jpg,/lix5vtgbsXasgGiOBjySIc6wXhu.jpg,/sI8k30U5IW8rKbKC4cXYa18lpWl.jpg",/r3ZExx4sooyBzXLvjlZ6tJLdfQ1.jpg
48,8391,"/sY5CvNawlE9De3bMALQ2M3bUj8B.jpg,/vMnze9sEj6V3i4qbQA5arM0qMqw.jpg,/kwmduPlajTZgTlTMAqIotEQ6QoW.jpg,/prVOb017E76GO1FGpcGrmWa40tq.jpg,/rQZmbhzKnqKQs82gS3lPTWarUx5.jpg",/hd2wPo9ajOShfVvqmi0Z0LvmQYb.jpg
49,629,"/c7e3nH3wtSBDrHRB63onrGptl6D.jpg,/6CLV2HakYO1tyAV5GUHOeNPyaTd.jpg,/olZnxiM0ZJGuIbz6m4T9b93IU4J.jpg,/1os2ezXfsFHUND5dsAT46r5xSOQ.jpg,/pSEwqMIEJUxXvAP4oRvFYjrSD0e.jpg,/rnPCWp5RELzxbjDtHuDHnWlaCax.jpg",/jgJoRWltoS17nD5MAQ1yK2Ztefw.jpg
50,117164,,/hwbKoOSUuzuN2AQppnUxwwd4qOD.jpg
51,11448,"/6awFSncszExdpyJcPzMeuNj2MI6.jpg,/lwz4r7KS3HbISTa2NplJY5dpBRw.jpg,/xUNLVSrMND1C6gtbZyyEwRZHBwc.jpg,/s7xgbjHnfyuHDR35FtiiGceBZ9L.jpg",/m0MZabFBNtMuFn3oNcq45M1Jws3.jpg
52,49133,/lsX2VN11LJ2MOBptQQQLuJACRqt.jpg,/407nYlg60AOj95lqDZ4tvUTTm1k.jpg
53,26441,/3hK5hUiBRsqBbrBItaEVtJ0mFm5.jpg,/5rqaZBfg3kWv3x1enth0GeKpBsT.jpg
54,97406,/3GYEt6EICZDmCbBTHnZJa4TD0JJ.jpg,/5OTTRuKfiso75xofN8Vl5mRXOQP.jpg
55,124057,,/1y8KAZOKrdmTI2sddcilcbRsMtI.jpg
56,9089,"/d9UBz6c39l5tTSC0Dwjg5HrdrwN.jpg,/hCQ2WxtOHiqpsVf8qe80XI79dBQ.jpg,/1K9shnT58FIjwTMwo7iIAFH1StK.jpg,/7hlW1TmbpfVqtx5CBTCwWBZxnBK.jpg",/a8MslR6deQQVe8JR542XDSwHiPB.jpg
57,11010,"/lSJpfQST3ruSgTqzbDFPgAyNYsO.jpg,/32pvxFiXNo2TdNpBiuHN8k2Mr4K.jpg,/mHpLm1PsIZxJGa1D4wc4l7V5qI7.jpg,/uFtGSLbUrUhb2gIb6IBkBvUxBaB.jpg",/zqK1rE4gpDvEn612HeJF4EnoYCG.jpg
58,99040,"/hFJvz1xB9uI5zeCe6wutiT6lUQZ.jpg,/dSzDxXH8IHM8gur5NnKfxXCtbiV.jpg,/vz9aF2aiOIMaZRbVXalakPoyNyq.jpg,/kzEV0ILrvnUmbZNnSxBMsaMl0Sg.jpg",/9ApR0PwQdlnvc76NmlbUWkeAK9i.jpg
59,11359,"/ubZ8SVRM9tk06SSPfzXiIhLjo4S.jpg,/a1TVVUq5J8Rv4wvhA91R3HKpPbv.jpg,/se0dle5yDGNlNhlpsTpwboOCjBD.jpg,/zIDwM5vjcBMSeTIlGzubpabRgKt.jpg,/dn1Ehwr5kn9W8jze4ZEgbrKB2zq.jpg,/v8pnPQwU2a1B9s2VQVP8BhIpCd8.jpg",/6jxwjs285L16lO3XAX7FzfQpREb.jpg
60,17182,"/rX3LTGBNy9lxQBaU4yo4NaehIRZ.jpg,/38SsR0ABVpvg7tYuXBlzQuXVGni.jpg,/7GtHzOMO6XvemvkQ0q6qRkpA4pV.jpg",/y2lZSdJ1o0VvLegTw3ad6KFtxra.jpg
61,2054,"/dSzM2GF3pSttyxAv4pi1xxFWQ9w.jpg,/fIyce8S0gKTiRu9QGiL1GSR8M7M.jpg,/hxaOFynikz6SlniCQIAV1iO5nbW.jpg,/t8ZA6AZeRfnIVUUBF3PrJLzkNkE.jpg,/9A3L6RNcB2zc1Xqp2uTmgQS0Sv1.jpg,/eF9tEMbAGNzLKNUV8Vp1GKBwJeE.jpg",/kBmwWeSN3ajnYHZ3dSybEobxEPI.jpg
62,10607,"/qYIag7ACS9todyiWyYQVG2PL0Iv.jpg,/7Az4TUuvcuBbetwUsdwKbZpJ6QF.jpg,/lwCbBlIKW56f0CrItbJlqluUqfy.jpg,/yTOJAuyjkTmHjnBvq9FG54eb0WZ.jpg,/3Q8RLOraAukMbXtUHmi9Hr7f5J6.jpg,/7pM1LnQi89DDpWMAV0Zfop3U0QE.jpg",/l6D9f9WbxdI4tyCmJGs56y8tQla.jpg
63,19760,"/hV03dv2zhsFaJJVYMWKQwOoKWk.jpg,/8sFHClfcNqe4PtDVWeOJ7mVvQi6.jpg,/tMxuo2STEkBoHHpVn1LFIoZuP1I.jpg,/yWUwacHUQGkyS4qZB9hMrTYT6FH.jpg,/fbQFAziY814Xhk0KPVfy9VL4396.jpg,/t815GENmup3D6mNCmN1sl6h69Zl.jpg",/e0iwJJiLjk8Z6A9TuL3neX504H3.jpg
64,9536,"/kjrJql3029JYvzlIYxnrGYDKcA3.jpg,/qgGwZFb5Vwua90TgJI03Dvwgd7a.jpg,/quc6Smoaha9ZrFlu9gtSlJP66iF.jpg,/dzraytKokVTOcZnxKmRlvlwBaSo.jpg,/czQgbXhr9k1vDxzpNtmz7dLOWaI.jpg",/zjn5vr0dKOqqDHYUQxq4LD4uOCz.jpg
65,11525,"/rCZfdhDuJJTwdUMpuaRiCm9jS0k.jpg,/oJsW1kvrx3Z6zi65Q3dXWCTVR5V.jpg,/5GKl8JaIvz6ji4eBc1KV9Gm4Y85.jpg,/lm18OwMdkW34dbuU2x6CFEub3ar.jpg,/nvh5oA4px23Cbqqo96Fpc281Oc8.jpg,/iXHzxEflynj55OEyKSBfXjyy1gG.jpg",/nsKDpcdC62krEPlCKKjLSHuMwwu.jpg
66,40628,/m8PJ4fjK8PmwLFzWVxnDk4OGfFA.jpg,/k4jOFtt7NqEtLnoI2Rs3BqKNHtI.jpg
67,4482,"/8M1725YmmdYRnzj1E81rk0o68Pe.jpg,/hoFgILnsPOgnKccJuabGHLqDgvO.jpg",/dDB8mMKRL28gHsRcGPoMQYrzaXg.jpg
68,10634,"/isWyP4jWmcCHjUcanVwGBDwVSsA.jpg,/2vYZtcwxRzgUua9KSM23jeIuciz.jpg,/pNW2AIJe7o4eMvuu0MItkOaM6wG.jpg,/n2xxYOVdxob3to0Ao3o2ZbHXtdD.jpg,/ubdiWKMpgb9OMWlRocgubLp1Rzq.jpg,/ybFoTnsfLAvaXQVbKJAqc4fQhfh.jpg",/z76scMklBnEC91CFqHcvqrS5coO.jpg
69,755,"/3kPTAFgx2BftDOexBe41k8kqSRD.jpg,/2eKTFuleY7lDNZPveKB56kvzD9Y.jpg,/anr9X6KpybcZrj6vgqYP0epSTue.jpg,/lYVVFWqLXaZAdACwf8YNStEmPHn.jpg,/bEWPmrNMERFzKtQAu4cRLAG5xZh.jpg,/yipIivmi0qfi1h6ACe4vIl4IQQt.jpg",/ce0d4kM5KxT4x1Oq8JkSuNYevri.jpg
70,11859,"/x7olteFm31lU0Bfh24gnYfMnxsU.jpg,/pIZ4qUugsYCglgFQmsaOfuICqVi.jpg,/5sW4TkjidQaCLOoXLXNBFu2OMKF.jpg,/qev1bI9ppIhgFdW6F72VmTBBtK1.jpg,/or4X6B4egDUJV1QjlSzuoab6W3k.jpg",/ew0LrIN5fpxdimrErEy9Yry3Nn2.jpg
71,28387,"/f61rupdBeqLxl0S6tOcA2asuyxH.jpg,/kfsUm3ydkEFvbtgi3egw8wOJxt4.jpg,/4w2XpUXFEpPnsdMZ3YW5yoyd48A.jpg,/zsA7fUkAQ4Z3gm8IAwhfZksO2fV.jpg,/mD80DcMmun8a6H5wlsifTHH02qc.jpg",/186brkmaBmopqcM0dPs71tj9BfM.jpg
72,48750,"/dOl26y7ZgoLOXMdkpdk7CF8EWuZ.jpg,/eIuhOPX4LAr7mEQekv3HqdosJ4V.jpg,/o5s8gtQ8f9WWAIbUJsFBvDIF052.jpg,/molomxnBazALsYAQaj9dHFR3ueD.jpg,/teAL8pUdLodN58R8f93ziC3fO9q.jpg,/zlC8fJo2SJTRUu1azHR4bKdlIiR.jpg",/ePJCk8puXx28CtvpSpmezpwfVt8.jpg
73,20927,"/mKIdUYEUinlj92R6uEGdzeiAZ7I.jpg,/pNa0yfK8ECQyzJJSAohSax6sWPF.jpg",/kTEpzjzyeYER1WuCm7Seul4Fatc.jpg
74,36929,"/3F0uWe1vjqwshmcbh1iqtEdK6Bu.jpg,/5oXMnKT9JGULBCzm4wLW87qRFP6.jpg,/3ROfZZrDdn4OdVW3jkexu6UeU8D.jpg,/rcE1RAkvKubOcgMi2JCkacGkeL5.jpg,/gMVoCKoV1OvkpP3qCZUWxVXPaC1.jpg",/wtFekK9VKWujQW9R9c6sYbir6wm.jpg
75,9102,"/7LMy4tZggDRa31ycv5ccnPtLspV.jpg,/20KLnZRdsO0ia279VB6LdqGQ8QR.jpg,/A44eWjgfBnIQ9b49QveLt2svXL0.jpg,/et5AT4NFnQqq9eTeLOVZIEGg7Fo.jpg,/mAtXXKXmbaZGGUUQ3XOSPHojeLV.jpg,/jZ7VvOEABm98ey1LOyzk7EJnDWM.jpg",/mdjRdXXQTQDtuYV7nm66JvDChYP.jpg
76,124626,/71MweF7afO241k7CCpeSDPh3noZ.jpg,/tuIDKBp92R4tGFOB46MofvakfiY.jpg
77,27526,"/5f52cZjCdE5BTFaoKzvnayhhD3j.jpg,/6MgbgL6dBKTy1Ia7m4V2yvoEEQn.jpg,/zhKpQLEXokGGVvRNfJ1tQ5u6sq7.jpg,/bEWcoOZwT9HHt2K9VFZYwqgAKSi.jpg,/oi9RFxqb5Tncm7VvDnVT6sZUWyH.jpg,/chPDQAJRcWwWJDzLttKYJ9nwBFY.jpg",/mMXL84GqES2HYpJ0Zt18I7m6mfU.jpg
78,9623,"/5zuDFMpk1zdHemAu0xMySI4nFx1.jpg,/mayJ8p4l6WNWJ2p6GfN82eP2Gp0.jpg,/dfIPrjA44dQMoAAHN55eYm4TdSq.jpg,/gkyS8pFXzrVaadk5ULVSm5rTzte.jpg,/pQbG2ZslcjkyoE1nX3NmpXaH2S7.jpg,/a2Yw64W431Nu4T89ljEAxJY0XWY.jpg",/7aXOB0DyZPxNOYbaQ2oiNn64jm3.jpg
79,46785,/jRLhcuyTPgcaCzrTKVTVrFDWrYo.jpg,/96UDOJNgJXHmQMJqA79bKS9PR8i.jpg
80,400,"/5iCxKe3zEPnrc1Y0R0m0YnFdaBO.jpg,/o3zY6EQ3WY7qWBz6Et2UW7rxkSW.jpg,/f0vJcGr7cKi7BhR6TAXhravdA64.jpg,/naDYEJ9vH8PBXvm7O3GR09V01QC.jpg,/pXor0Uw2IeOMvyW6k2hyMAg3n9Q.jpg",/ysKIolKO0376Nl5DV1fDAAPudEq.jpg
81,880,"/xheICnokTIzE3O774XWlmUPYdb2.jpg,/wJZM1W4pJHP5EhpeSKS37JX5rr3.jpg,/cST6ZtRrgQUC1bPRD8WScVBiiFV.jpg,/v6CqzW92LjDDqj6dQGTnvuyVCrh.jpg,/pZrShmqVT9355Ppn9cvc3CAwFKa.jpg",/9UJF0JZAqUXWALywncpvpeepXo6.jpg
82,146599,,/tsJSlkFSZPQhhVuKrYJXNClYaPD.jpg
83,188588,,/qVCkkiAoxh5e1UIKJ4Uo6ILV8qA.jpg
84,8447,"/afhweHfy44yWbAMWxZ6vg9hq8B9.jpg,/qKG6M5ivFux0lHGOHtXOjAa3UL4.jpg,/fh3wkwBSbDETXi2gJG8DyhVZLTI.jpg,/dxbU3Va7nHj5TzhdChxntYhbZ75.jpg,/acLvjHhJv8xQayHTC5eiFPOsZyh.jpg",/1QyCF6IFoX5WJIYHOkmLa3vzU0r.jpg
85,10534,"/g007k6BkEvbWjGMb8UYTOG85Ium.jpg,/pgBHDE78HPVmiPb6hlL80ymzLDO.jpg,/moqvyMkcXacDEoOHUnx1AhfzNp2.jpg,/gmOCIiyUAnNCvYRYeEHf41KfhTI.jpg,/rXymbpKyuTLx3E3wldHqqIhw4qG.jpg,/yJT6PgzOIoTXmSesJH0UosDZsLT.jpg",/3a5nomeyzJF4gG26HouCtce99ki.jpg
86,17414,"/dpiciyrHsu9BchmC4x8PoCfubre.jpg,/p57ZySRzY1s9jiHhWLIFVS2BFs0.jpg",/kn0iqDYsWN4b6u9zmhQCIZg19yR.jpg
87,13997,"/5e520E5E3gO3EbDqhHZ9PVstAHk.jpg,/ws7RUn6azElfZzBUieQc09V8nDs.jpg,/cxLdaDNSeeYpW7i7AXpkHXehKdt.jpg,/gbPsNHpNwO5JG7BC0qz87KX1I4T.jpg,/jsJZW4hfsqm0bJHXstoTrTjHQS5.jpg,/mwcDhak2Pzc0ytDobFkCOQMVqC6.jpg",/2wsaboVhKXpsLchoaXi0oWmQ7xM.jpg
88,2086,"/ccBkUeSqxnHduFrTTTjJEoi4OkC.jpg,/u1JzntSiNw9vUCqYIOcNDajWwdZ.jpg,/kQV6qxoTDhY8zpYtPwFqrCs7yf.jpg,/g26xEpPVKrvIx2xSWDJII7xpYb.jpg,/g8Oi4rUDdN7JhArkLCCUyB1UaaW.jpg",/3kYcyD9yAjdjimYlIiGPfdMVbZb.jpg
89,61548,,/hT5CF2RJPAVi9TE4iKxGYAufY4J.jpg
90,9095,"/mErnrp6gxgSw7eYVnuos3k8EkWf.jpg,/gyrk4Qocz4PWaaxhmfgur1cjb1t.jpg,/h3iI53nXg8T7JZJOKzOnwumvoD0.jpg",/Oesh4pN5J2ing4flkgkiVdxILP.jpg
91,12158,"/iPjz3w5J8BY56aZSnAhUQ72BavC.jpg,/mxPqdElD3t7IywYWB1dBaHwmrrX.jpg,/arCQaQ23OUTR6qgNCxDLzvJuspb.jpg",/bH1v8z12ZU7Y6zANgU1B00a86Co.jpg
92,9283,"/5VfgNZJvJ6FcwF3PPQbpUIzILkQ.jpg,/kx01q2kj7FYD7r0n4CszvESS0dk.jpg,/24TE0VCdmXzhnCvdF4XS3YNGKqU.jpg,/3TS4tMWh5zVccHrYXrBq9vK4G8Z.jpg,/iWV0b4gFQBxlTjdpzRw2EkupROn.jpg,/2C4KqDa6Td7O5FZbvSMKCVygzg6.jpg",/8leYqrAL6EubYjOCZuO6ELPdLYe.jpg
93,9208,"/pi0Z4gmbvwl6j7tKbwMj8elSzzT.jpg,/zZBns22yGa7rprapb11ZtV9EKsp.jpg,/iNrFvpFWLxcndT4ovL02muZ7sEf.jpg,/5Dqa6zQAIur9UU2yJecG783zAdJ.jpg,/ezrLkRH1Bsjr8PZcD5PVYv73ggJ.jpg,/sLkjhcEs7DBhvtDXyQhwTgG2VAV.jpg",/avqUG5RYB93rwSUNL5r16Vtbc9g.jpg
94,40154,/aIj2uPKXpGViZ4YUhVnfB1J0oi9.jpg,/vFhc7Il7iS3RaNLJyy1vA5XLImT.jpg
95,406,"/t52ImvH020yOvoEhH6sRzC6XoCj.jpg,/viGCwLxupyoaLsa6hrnu1gYrB0B.jpg,/uTWzQNot4XddGJjbm4g9PVKerMo.jpg,/nP67EexQxGt6zI4kst8WaDHrzho.jpg,/jJnjivw8vAWwjkPZTpH0C8AzPTQ.jpg,/jOW6SzNNbcSoMbge3BDscaRYqam.jpg",/jTzBED0leGPwWDqNewye11qzJgd.jpg
96,45549,"/cnUKRi0czPSQwElBs9K4B8JZoDa.jpg,/rNWbJhc9QFlwOEttW9xgqAvwq6a.jpg",/jdYL6f0KXnYBcnWnwGtnanJtKlE.jpg
97,63076,,/laPSb9I8TuYslOh1OcgaTByWKnw.jpg
98,11062,"/pyopmpNMW3mTBz0ZqInyGYDEgb6.jpg,/r09pl06OPz5EBoeN6kICssTxk4w.jpg,/wa5PMFiqxG2c6dNSAi4bVwCCfK7.jpg",/dukDdnVbNYDYPf5pOiV8GKZPxCW.jpg
99,13685,"/9iD7ExWV9KvIawioDI0ALyjxKtT.jpg,/3Fa0XjSyuyDrlVyYmbbten3nojg.jpg,/pmAdh9g1OfVEPd91LvRInijs7oX.jpg,/uKZXaKo9BUJZXuCwopFylDkXtfK.jpg,/5ZakY7EiCrCfJ6AHtKnRuMDj7xZ.jpg,/sAUqSvqEu1mRLPS4PI6l4Um8g2s.jpg",/iuO10cRKrMfql5yc8YTgdfHt7gR.jpg
100,47475,"/erx8f0naEnBc4J9DqtkNtRK1bfI.jpg,/aWsWopwdzd1mbw6Inc6XGnosVuR.jpg",/8oZW1loLEczN1BU60YobsJJFdSR.jpg
